﻿data,filename
SLOT NO: 1  REF: 3304652,SLOTNO1REF3304652.png
SLOT NO: 2 REF: 7273127,SLOTNO2REF7273127.png
SLOT NO: 3 REF: 3956946,SLOTNO3REF3956946.png
SLOT NO: 4 REF: 4884010,SLOTNO4REF4884010.png
SLOT NO: 5 REF: 3407750,SLOTNO5REF3407750.png
SLOT NO: 6 REF: 2458323,SLOTNO6REF2458323.png
SLOT NO: 7 REF: 1768877,SLOTNO7REF1768877.png
SLOT NO: 8 REF: 9695330,SLOTNO8REF9695330.png
SLOT NO: 9  REF: 3680023,SLOTNO9REF3680023.png
SLOT NO: 10 REF: 6674931,SLOTNO10REF6674931.png
SLOT NO: 11 REF: 1320691,SLOTNO11REF1320691.png
SLOT NO: 12 REF: 9903323,SLOTNO12REF9903323.png
SLOT NO: 13 REF: 6435905,SLOTNO13REF6435905.png
SLOT NO: 14 REF: 6435905,SLOTNO14REF6435905.png
SLOT NO: 15 REF: 2065324,SLOTNO15REF2065324.png
SLOT NO: 16 REF:5315523,SLOTNO16REF5315523.png
SLOT NO: 17 REF: 9860806,SLOTNO17REF9860806.png
SLOT NO: 18 REF: 8031227,SLOTNO18REF8031227.png
SLOT NO: 19 REF: 5542626,SLOTNO19REF5542626.png
SLOT NO: 20 REF: 9260434,SLOTNO20REF9260434.png
SLOT NO: 21 REF:2847168,SLOTNO21REF2847168.png
SLOT NO: 22 REF: 5962435,SLOTNO22REF5962435.png
SLOT NO: 23 REF: 4551524,SLOTNO23REF4551524.png
SLOT NO: 24 REF: 4165670,SLOTNO24REF4165670.png
SLOT NO: 25 REF: 8322218,SLOTNO25REF8322218.png
SLOT NO: 26 REF:3424266,SLOTNO26REF3424266.png
SLOT NO: 27 REF:3461145,SLOTNO27REF3461145.png
SLOT NO: 28 REF: 9107082,SLOTNO28REF9107082.png
SLOT NO: 29 REF: 4258141,SLOTNO29REF4258141.png
SLOT NO: 30 REF: 6776800,SLOTNO30REF6776800.png
SLOT NO: 31 REF: 3208395,SLOTNO31REF3208395.png
SLOT NO: 32 REF: 5928903,SLOTNO32REF5928903.png
SLOT NO: 33 REF: 3457027,SLOTNO33REF3457027.png
SLOT NO: 34 REF: 4077305,SLOTNO34REF4077305.png
SLOT NO: 35 REF: 3610437,SLOTNO35REF3610437.png
SLOT NO: 36 REF: 2087652,SLOTNO36REF2087652.png
SLOT NO: 37 REF: 1443605,SLOTNO37REF1443605.png
SLOT NO: 38 REF: 7608051,SLOTNO38REF7608051.png
SLOT NO: 39 REF: 7301685,SLOTNO39REF7301685.png
SLOT NO: 40 REF: 4474766,SLOTNO40REF4474766.png
SLOT NO: 41 REF:6089580,SLOTNO41REF6089580.png
SLOT NO: 42 REF: 9198523,SLOTNO42REF9198523.png
SLOT NO: 43 REF: 1065485,SLOTNO43REF1065485.png
SLOT NO: 44 REF: 3397914,SLOTNO44REF3397914.png
SLOT NO: 45 REF: 4454881,SLOTNO45REF4454881.png